lake_id,date_before,date_after,days_between,peak_area_km2,area_after_km2,fractional_drop,confidence,track_length
11,2019-06-01,2019-06-05,4,0.2801,0.0142,0.949,MEDIUM (peak = single reading),3
24,2019-06-11,2019-06-15,4,0.1197,0.0397,0.668,MEDIUM (track ends after drop),6
29,2019-06-11,2019-06-15,4,0.1494,0.0046,0.969,MEDIUM (track ends after drop),6
35,2019-06-11,2019-06-15,4,0.0712,0.0303,0.574,MEDIUM (track ends after drop),6
39,2019-06-05,2019-06-08,3,0.2586,0.0985,0.619,HIGH,5
39,2019-06-08,2019-06-10,2,0.2586,0.0058,0.978,HIGH,5
39,2019-06-10,2019-06-11,1,0.2586,0.0049,0.981,MEDIUM (track ends after drop),5
40,2019-06-11,2019-06-15,4,0.0142,0.0027,0.81,MEDIUM (track ends after drop),6
50,2019-06-08,2019-06-10,2,0.082,0.0315,0.616,MEDIUM (partial recovery),5
50,2019-06-10,2019-06-11,1,0.082,0.0325,0.604,MEDIUM (track ends after drop),5
67,2019-06-05,2019-06-08,3,0.0153,0.0055,0.641,MEDIUM (track ends after drop),3
79,2019-06-08,2019-06-10,2,0.1203,0.0025,0.979,MEDIUM (track ends after drop),4
82,2019-06-08,2019-06-10,2,0.021,0.0041,0.805,HIGH,5
82,2019-06-10,2019-06-11,1,0.021,0.0039,0.814,MEDIUM (track ends after drop),5
89,2019-06-01,2019-06-05,4,0.319,0.0042,0.987,MEDIUM (peak = single reading),3
90,2019-06-10,2019-06-11,1,0.1931,0.0947,0.51,MEDIUM (partial recovery),31
90,2019-06-11,2019-06-15,4,0.1931,0.0952,0.507,MEDIUM (partial recovery),31
90,2019-06-15,2019-06-16,1,0.1931,0.0961,0.502,MEDIUM (partial recovery),31
90,2019-07-03,2019-07-06,3,0.1931,0.0714,0.63,MEDIUM (partial recovery),31
90,2019-07-08,2019-07-10,2,0.1931,0.0941,0.513,MEDIUM (partial recovery),31
90,2019-07-10,2019-07-11,1,0.1931,0.0907,0.53,MEDIUM (partial recovery),31
90,2019-07-11,2019-07-15,4,0.1931,0.0864,0.553,MEDIUM (partial recovery),31
90,2019-07-15,2019-07-16,1,0.1931,0.0831,0.57,MEDIUM (partial recovery),31
90,2019-07-16,2019-07-20,4,0.1931,0.0934,0.516,MEDIUM (partial recovery),31
90,2019-07-21,2019-07-23,2,0.1931,0.0947,0.51,MEDIUM (partial recovery),31
90,2019-07-23,2019-07-31,8,0.1931,0.0022,0.989,MEDIUM (partial recovery),31
90,2019-07-31,2019-08-02,2,0.1931,0.0808,0.582,MEDIUM (partial recovery),31
90,2019-08-02,2019-08-04,2,0.1931,0.0843,0.563,MEDIUM (partial recovery),31
90,2019-08-04,2019-08-09,5,0.1931,0.0811,0.58,MEDIUM (partial recovery),31
90,2019-08-09,2019-08-10,1,0.1931,0.0793,0.589,MEDIUM (partial recovery),31
90,2019-08-10,2019-08-12,2,0.1931,0.0722,0.626,MEDIUM (partial recovery),31
90,2019-08-12,2019-08-20,8,0.1931,0.0883,0.543,MEDIUM (partial recovery),31
90,2019-08-20,2019-08-24,4,0.1931,0.0923,0.522,MEDIUM (partial recovery),31
90,2019-08-24,2019-08-25,1,0.1931,0.0793,0.589,MEDIUM (partial recovery),31
90,2019-08-25,2019-08-29,4,0.1931,0.0938,0.514,MEDIUM (partial recovery),31
90,2019-08-29,2019-09-01,3,0.1931,0.0061,0.968,MEDIUM (partial recovery),31
93,2019-06-01,2019-06-05,4,0.1166,0.0241,0.793,MEDIUM (peak = single reading),3
93,2019-06-05,2019-06-08,3,0.1166,0.0079,0.932,MEDIUM (track ends after drop),3
97,2019-07-03,2019-07-06,3,0.2369,0.002,0.992,MEDIUM (track ends after drop),11
101,2019-09-01,2019-09-09,8,0.1111,0.0147,0.868,MEDIUM (near season end),31
103,2019-06-01,2019-06-05,4,0.1645,0.0788,0.521,MEDIUM (peak = single reading),3
103,2019-06-05,2019-06-08,3,0.1645,0.0417,0.747,MEDIUM (track ends after drop),3
106,2019-06-18,2019-06-20,2,0.0366,0.018,0.508,MEDIUM (track ends after drop),9
112,2019-06-20,2019-07-03,13,0.6661,0.0023,0.997,MEDIUM (track ends after drop),10
130,2019-08-24,2019-08-25,1,0.0797,0.0371,0.535,MEDIUM (partial recovery),30
130,2019-08-25,2019-08-29,4,0.0797,0.0384,0.518,HIGH,30
130,2019-08-29,2019-09-01,3,0.0797,0.0056,0.93,MEDIUM (near season end),30
133,2019-06-05,2019-06-08,3,0.0204,0.0036,0.824,MEDIUM (track ends after drop),3
136,2019-06-20,2019-07-03,13,0.1068,0.0021,0.98,MEDIUM (track ends after drop),10
146,2019-06-05,2019-06-08,3,0.0872,0.0088,0.899,MEDIUM (track ends after drop),3
147,2019-08-25,2019-08-29,4,0.0616,0.0233,0.622,MEDIUM (track ends after drop),29
156,2019-06-01,2019-06-05,4,0.196,0.019,0.903,MEDIUM (peak = single reading),3
179,2019-06-18,2019-06-20,2,0.0093,0.0039,0.581,MEDIUM (track ends after drop),9
185,2019-06-18,2019-06-20,2,0.0096,0.003,0.688,MEDIUM (track ends after drop),9
199,2019-06-10,2019-06-11,1,0.3437,0.0036,0.99,MEDIUM (track ends after drop),5
202,2019-06-01,2019-06-05,4,0.0492,0.0077,0.843,MEDIUM (peak = single reading),3
202,2019-06-05,2019-06-08,3,0.0492,0.0064,0.87,MEDIUM (track ends after drop),3
214,2019-06-15,2019-06-16,1,0.1121,0.0067,0.94,MEDIUM (track ends after drop),7
241,2019-06-11,2019-06-15,4,0.1185,0.0367,0.69,MEDIUM (partial recovery),7
241,2019-06-15,2019-06-16,1,0.1185,0.057,0.519,MEDIUM (track ends after drop),7
243,2019-06-18,2019-06-20,2,0.0424,0.0079,0.814,MEDIUM (track ends after drop),9
248,2019-06-05,2019-06-08,3,0.0225,0.0096,0.573,MEDIUM (track ends after drop),3
265,2019-07-08,2019-07-10,2,0.0234,0.0112,0.521,MEDIUM (track ends after drop),13
327,2019-06-20,2019-07-03,13,0.013,0.0032,0.754,MEDIUM (track ends after drop),9
333,2019-06-11,2019-06-15,4,0.0173,0.0079,0.543,MEDIUM (partial recovery),6
333,2019-06-15,2019-06-16,1,0.0173,0.0052,0.699,MEDIUM (track ends after drop),6
353,2019-06-11,2019-06-15,4,0.1574,0.0026,0.983,MEDIUM (track ends after drop),5
356,2019-06-10,2019-06-11,1,0.0478,0.02,0.582,MEDIUM (track ends after drop),4
361,2019-06-08,2019-06-10,2,0.0058,0.0023,0.603,MEDIUM (partial recovery),4
361,2019-06-10,2019-06-11,1,0.0058,0.002,0.655,MEDIUM (track ends after drop),4
384,2019-07-08,2019-07-10,2,0.0207,0.0022,0.894,MEDIUM (track ends after drop),12
388,2019-06-20,2019-07-03,13,0.1153,0.0376,0.674,MEDIUM (track ends after drop),9
402,2019-06-20,2019-07-03,13,0.0515,0.0069,0.866,MEDIUM (track ends after drop),9
421,2019-06-15,2019-06-16,1,0.0341,0.0035,0.897,MEDIUM (track ends after drop),6
428,2019-06-20,2019-07-03,13,0.1444,0.0034,0.976,HIGH,10
428,2019-07-03,2019-07-06,3,0.1444,0.0098,0.932,MEDIUM (track ends after drop),10
429,2019-06-08,2019-06-10,2,0.0251,0.0059,0.765,HIGH,4
429,2019-06-10,2019-06-11,1,0.0251,0.0061,0.757,MEDIUM (track ends after drop),4
433,2019-06-18,2019-06-20,2,0.3187,0.0041,0.987,MEDIUM (track ends after drop),8
451,2019-06-08,2019-06-10,2,0.0107,0.0034,0.682,MEDIUM (partial recovery),4
451,2019-06-10,2019-06-11,1,0.0107,0.0042,0.607,MEDIUM (track ends after drop),4
454,2019-07-21,2019-07-23,2,0.041,0.0189,0.539,MEDIUM (track ends after drop),18
458,2019-06-18,2019-06-20,2,0.0801,0.0025,0.969,MEDIUM (track ends after drop),8
459,2019-06-08,2019-06-10,2,0.0539,0.0027,0.95,MEDIUM (track ends after drop),3
461,2019-06-16,2019-06-18,2,0.2092,0.0481,0.77,HIGH,8
461,2019-06-18,2019-06-20,2,0.2092,0.0157,0.925,MEDIUM (track ends after drop),8
472,2019-06-08,2019-06-10,2,0.4598,0.1279,0.722,HIGH,4
472,2019-06-10,2019-06-11,1,0.4598,0.0618,0.866,MEDIUM (track ends after drop),4
510,2019-06-20,2019-07-03,13,0.0174,0.0049,0.718,MEDIUM (track ends after drop),9
513,2019-06-10,2019-06-11,1,0.0055,0.0025,0.545,MEDIUM (track ends after drop),4
522,2019-06-18,2019-06-20,2,0.103,0.0041,0.96,MEDIUM (track ends after drop),8
557,2019-06-18,2019-06-20,2,0.179,0.0038,0.979,MEDIUM (partial recovery),8
557,2019-06-20,2019-07-03,13,0.179,0.0728,0.593,MEDIUM (track ends after drop),8
566,2019-06-18,2019-06-20,2,0.0295,0.0038,0.871,HIGH,8
566,2019-06-20,2019-07-03,13,0.0295,0.0037,0.875,MEDIUM (track ends after drop),8
588,2019-07-08,2019-07-10,2,0.0875,0.0404,0.538,MEDIUM (track ends after drop),11
605,2019-06-11,2019-06-15,4,0.0369,0.0045,0.878,MEDIUM (track ends after drop),4
614,2019-06-18,2019-06-20,2,0.0777,0.0039,0.95,HIGH,8
614,2019-06-20,2019-07-03,13,0.0777,0.0097,0.875,MEDIUM (track ends after drop),8
625,2019-06-11,2019-06-15,4,0.012,0.0028,0.767,MEDIUM (track ends after drop),4
627,2019-06-18,2019-06-20,2,0.2415,0.0031,0.987,MEDIUM (track ends after drop),7
633,2019-06-20,2019-07-03,13,0.0381,0.0111,0.709,HIGH,9
633,2019-07-03,2019-07-06,3,0.0381,0.0082,0.785,MEDIUM (track ends after drop),9
638,2019-06-18,2019-06-20,2,0.1633,0.0614,0.624,MEDIUM (track ends after drop),7
670,2019-06-11,2019-06-15,4,0.0258,0.0023,0.911,MEDIUM (track ends after drop),4
675,2019-06-16,2019-06-18,2,4.0191,0.0684,0.983,MEDIUM (track ends after drop),6
724,2019-06-11,2019-06-15,4,0.0396,0.0049,0.876,MEDIUM (track ends after drop),4
734,2019-06-11,2019-06-15,4,0.0194,0.0022,0.887,MEDIUM (track ends after drop),4
735,2019-07-08,2019-07-10,2,0.0109,0.0053,0.514,MEDIUM (track ends after drop),11
739,2019-06-11,2019-06-15,4,0.0406,0.008,0.803,MEDIUM (track ends after drop),4
745,2019-06-18,2019-06-20,2,0.0419,0.0108,0.742,HIGH,8
745,2019-06-20,2019-07-03,13,0.0419,0.0027,0.936,MEDIUM (track ends after drop),8
769,2019-06-11,2019-06-15,4,0.0436,0.0198,0.546,HIGH,5
769,2019-06-15,2019-06-16,1,0.0436,0.0021,0.952,HIGH,5
769,2019-06-16,2019-06-18,2,0.0436,0.0042,0.904,MEDIUM (track ends after drop),5
772,2019-06-11,2019-06-15,4,0.0149,0.0051,0.658,MEDIUM (track ends after drop),3
780,2019-06-11,2019-06-15,4,0.0475,0.0061,0.872,MEDIUM (track ends after drop),3
783,2019-06-18,2019-06-20,2,0.0249,0.002,0.92,MEDIUM (track ends after drop),6
786,2019-07-03,2019-07-06,3,0.1445,0.0071,0.951,HIGH,9
786,2019-07-06,2019-07-08,2,0.1445,0.0038,0.974,MEDIUM (track ends after drop),9
790,2019-06-11,2019-06-15,4,0.0155,0.0041,0.735,MEDIUM (track ends after drop),3
800,2019-06-18,2019-06-20,2,0.0378,0.0087,0.77,HIGH,7
800,2019-06-20,2019-07-03,13,0.0378,0.006,0.841,MEDIUM (track ends after drop),7
801,2019-06-11,2019-06-15,4,0.0058,0.0027,0.534,MEDIUM (track ends after drop),3
807,2019-07-11,2019-07-15,4,0.0144,0.0072,0.5,MEDIUM (partial recovery),16
807,2019-07-15,2019-07-16,1,0.0144,0.0065,0.549,HIGH,16
807,2019-07-16,2019-07-20,4,0.0144,0.0035,0.757,HIGH,16
807,2019-07-20,2019-07-21,1,0.0144,0.0036,0.75,HIGH,16
807,2019-07-21,2019-07-23,2,0.0144,0.0022,0.847,MEDIUM (track ends after drop),16
808,2019-06-18,2019-06-20,2,0.0358,0.0071,0.802,MEDIUM (track ends after drop),6
821,2019-06-18,2019-06-20,2,0.04,0.0042,0.895,MEDIUM (track ends after drop),6
826,2019-06-11,2019-06-15,4,0.0067,0.002,0.701,MEDIUM (track ends after drop),3
844,2019-06-16,2019-06-18,2,0.1317,0.007,0.947,MEDIUM (track ends after drop),5
846,2019-06-11,2019-06-15,4,0.0071,0.0025,0.648,MEDIUM (track ends after drop),3
888,2019-06-15,2019-06-16,1,0.077,0.0026,0.966,HIGH,7
888,2019-06-16,2019-06-18,2,0.077,0.0155,0.799,HIGH,7
888,2019-06-18,2019-06-20,2,0.077,0.0027,0.965,HIGH,7
888,2019-06-20,2019-07-03,13,0.077,0.0057,0.926,HIGH,7
888,2019-07-03,2019-07-06,3,0.077,0.0146,0.81,MEDIUM (track ends after drop),7
906,2019-06-18,2019-06-20,2,0.0476,0.0028,0.941,MEDIUM (partial recovery),7
906,2019-06-20,2019-07-03,13,0.0476,0.018,0.622,HIGH,7
906,2019-07-03,2019-07-06,3,0.0476,0.0091,0.809,MEDIUM (track ends after drop),7
923,2019-06-15,2019-06-16,1,0.0566,0.0051,0.91,MEDIUM (track ends after drop),3
928,2019-06-15,2019-06-16,1,0.5122,0.0243,0.953,MEDIUM (track ends after drop),3
969,2019-07-03,2019-07-06,3,0.505,0.0063,0.988,MEDIUM (track ends after drop),7
998,2019-07-03,2019-07-06,3,0.0934,0.003,0.968,MEDIUM (track ends after drop),7
999,2019-07-03,2019-07-06,3,0.3144,0.0022,0.993,MEDIUM (track ends after drop),7
1011,2019-06-15,2019-06-16,1,0.022,0.0105,0.523,MEDIUM (track ends after drop),3
1018,2019-06-15,2019-06-16,1,0.0111,0.0021,0.811,MEDIUM (partial recovery),5
1018,2019-06-16,2019-06-18,2,0.0111,0.0027,0.757,MEDIUM (partial recovery),5
1042,2019-06-18,2019-06-20,2,0.049,0.007,0.857,MEDIUM (track ends after drop),4
1082,2019-07-08,2019-07-10,2,0.0214,0.0067,0.687,MEDIUM (track ends after drop),8
1084,2019-06-18,2019-06-20,2,0.0423,0.0086,0.797,MEDIUM (track ends after drop),4
1091,2019-06-18,2019-06-20,2,0.0578,0.0029,0.95,MEDIUM (track ends after drop),3
1093,2019-07-08,2019-07-10,2,0.0589,0.0022,0.963,MEDIUM (track ends after drop),7
1098,2019-06-16,2019-06-18,2,0.3544,0.0043,0.988,MEDIUM (peak = single reading),3
1106,2019-06-18,2019-06-20,2,0.0336,0.0096,0.714,MEDIUM (track ends after drop),3
1115,2019-07-03,2019-07-06,3,0.0341,0.0075,0.78,MEDIUM (track ends after drop),5
1116,2019-07-03,2019-07-06,3,0.015,0.0032,0.787,MEDIUM (track ends after drop),5
1119,2019-08-25,2019-08-29,4,0.0079,0.002,0.747,MEDIUM (partial recovery),24
1119,2019-08-29,2019-09-01,3,0.0079,0.0035,0.557,MEDIUM (near season end),24
1129,2019-07-08,2019-07-10,2,0.0246,0.002,0.919,HIGH,8
1129,2019-07-10,2019-07-11,1,0.0246,0.0035,0.858,MEDIUM (track ends after drop),8
1133,2019-08-02,2019-08-04,2,0.455,0.0037,0.992,HIGH,18
1133,2019-08-04,2019-08-09,5,0.455,0.0025,0.995,HIGH,18
1133,2019-08-09,2019-08-10,1,0.455,0.0022,0.995,MEDIUM (track ends after drop),18
1139,2019-06-18,2019-06-20,2,0.0384,0.0041,0.893,HIGH,4
1139,2019-06-20,2019-07-03,13,0.0384,0.0026,0.932,MEDIUM (track ends after drop),4
1153,2019-07-16,2019-07-20,4,0.1129,0.002,0.982,MEDIUM (track ends after drop),11
1170,2019-06-18,2019-06-20,2,0.0186,0.0029,0.844,MEDIUM (partial recovery),3
1170,2019-06-20,2019-07-03,13,0.0186,0.0069,0.629,MEDIUM (track ends after drop),3
1179,2019-06-18,2019-06-20,2,0.1858,0.0698,0.624,MEDIUM (peak = single reading),6
1179,2019-06-20,2019-07-03,13,0.1858,0.014,0.925,HIGH,6
1179,2019-07-03,2019-07-06,3,0.1858,0.0153,0.918,HIGH,6
1179,2019-07-06,2019-07-08,2,0.1858,0.0196,0.895,HIGH,6
1179,2019-07-08,2019-07-10,2,0.1858,0.0147,0.921,MEDIUM (track ends after drop),6
1183,2019-06-18,2019-06-20,2,0.0462,0.0157,0.66,MEDIUM (peak = single reading),3
1183,2019-06-20,2019-07-03,13,0.0462,0.0081,0.825,MEDIUM (track ends after drop),3
1184,2019-06-18,2019-06-20,2,0.2906,0.044,0.849,MEDIUM (peak = single reading),3
1184,2019-06-20,2019-07-03,13,0.2906,0.0044,0.985,MEDIUM (track ends after drop),3
1189,2019-06-20,2019-07-03,13,0.0069,0.0024,0.652,MEDIUM (track ends after drop),3
1201,2019-07-03,2019-07-06,3,0.1596,0.0052,0.967,MEDIUM (track ends after drop),4
1215,2019-07-08,2019-07-10,2,0.0739,0.0292,0.605,MEDIUM (track ends after drop),6
1220,2019-07-08,2019-07-10,2,0.0181,0.0027,0.851,MEDIUM (track ends after drop),6
1227,2019-06-18,2019-06-20,2,0.0179,0.0037,0.793,MEDIUM (peak = single reading),3
1227,2019-06-20,2019-07-03,13,0.0179,0.0023,0.872,MEDIUM (track ends after drop),3
1230,2019-07-08,2019-07-10,2,0.0124,0.0022,0.823,MEDIUM (track ends after drop),6
1244,2019-07-08,2019-07-10,2,0.0414,0.0031,0.925,MEDIUM (track ends after drop),6
1246,2019-07-08,2019-07-10,2,0.1114,0.0031,0.972,MEDIUM (track ends after drop),6
1278,2019-06-20,2019-07-03,13,0.0357,0.0033,0.908,MEDIUM (track ends after drop),3
1295,2019-07-08,2019-07-10,2,0.0182,0.0042,0.769,MEDIUM (track ends after drop),6
1319,2019-07-10,2019-07-11,1,0.0217,0.0082,0.622,MEDIUM (partial recovery),11
1319,2019-07-15,2019-07-16,1,0.0217,0.0028,0.871,MEDIUM (partial recovery),11
1319,2019-07-16,2019-07-20,4,0.0217,0.0041,0.811,MEDIUM (partial recovery),11
1320,2019-07-10,2019-07-11,1,0.0238,0.0037,0.845,MEDIUM (partial recovery),9
1320,2019-07-15,2019-07-16,1,0.0238,0.0028,0.882,MEDIUM (track ends after drop),9
1326,2019-07-08,2019-07-10,2,0.0055,0.0027,0.509,MEDIUM (track ends after drop),6
1342,2019-06-20,2019-07-03,13,0.0298,0.003,0.899,MEDIUM (track ends after drop),3
1343,2019-07-03,2019-07-06,3,0.022,0.0049,0.777,MEDIUM (partial recovery),10
1343,2019-07-06,2019-07-08,2,0.022,0.0077,0.65,MEDIUM (partial recovery),10
1343,2019-07-08,2019-07-10,2,0.022,0.0077,0.65,MEDIUM (partial recovery),10
1343,2019-07-10,2019-07-11,1,0.022,0.0089,0.595,MEDIUM (partial recovery),10
1343,2019-07-11,2019-07-15,4,0.022,0.0086,0.609,MEDIUM (partial recovery),10
1343,2019-07-15,2019-07-16,1,0.022,0.0079,0.641,MEDIUM (partial recovery),10
1363,2019-06-20,2019-07-03,13,0.0469,0.0098,0.791,MEDIUM (track ends after drop),3
1388,2019-07-03,2019-07-06,3,0.1956,0.0038,0.981,MEDIUM (track ends after drop),4
1394,2019-06-18,2019-06-20,2,0.031,0.0023,0.926,MEDIUM (peak = single reading),3
1434,2019-07-08,2019-07-10,2,0.061,0.0227,0.628,MEDIUM (track ends after drop),5
1451,2019-07-08,2019-07-10,2,0.0417,0.0041,0.902,HIGH,6
1451,2019-07-10,2019-07-11,1,0.0417,0.0088,0.789,MEDIUM (track ends after drop),6
1460,2019-07-16,2019-07-20,4,0.1244,0.0095,0.924,MEDIUM (track ends after drop),9
1518,2019-07-06,2019-07-08,2,0.019,0.0032,0.832,MEDIUM (track ends after drop),4
1553,2019-08-25,2019-08-29,4,0.1804,0.0021,0.988,HIGH,22
1553,2019-08-29,2019-09-01,3,0.1804,0.0021,0.988,HIGH,22
1553,2019-09-01,2019-09-09,8,0.1804,0.0026,0.986,MEDIUM (near season end),22
1556,2019-07-08,2019-07-10,2,0.0345,0.0147,0.574,MEDIUM (track ends after drop),4
1557,2019-07-08,2019-07-10,2,0.0197,0.0027,0.863,MEDIUM (track ends after drop),4
1572,2019-07-08,2019-07-10,2,0.0444,0.0057,0.872,MEDIUM (track ends after drop),4
1574,2019-07-08,2019-07-10,2,0.0171,0.0084,0.509,MEDIUM (track ends after drop),4
1576,2019-07-16,2019-07-20,4,0.0267,0.0043,0.839,MEDIUM (track ends after drop),8
1577,2019-07-08,2019-07-10,2,0.1186,0.0067,0.944,MEDIUM (track ends after drop),4
1580,2019-07-08,2019-07-10,2,0.0533,0.0091,0.829,MEDIUM (track ends after drop),4
1585,2019-08-10,2019-08-12,2,0.0608,0.0302,0.503,HIGH,17
1585,2019-08-12,2019-08-20,8,0.0608,0.0026,0.957,MEDIUM (track ends after drop),17
1621,2019-09-01,2019-09-09,8,0.6627,0.01,0.985,MEDIUM (near season end),22
1625,2019-07-31,2019-08-02,2,0.0393,0.007,0.822,HIGH,21
1625,2019-08-02,2019-08-04,2,0.0393,0.0072,0.817,HIGH,21
1625,2019-08-04,2019-08-09,5,0.0393,0.0075,0.809,HIGH,21
1625,2019-08-09,2019-08-10,1,0.0393,0.0076,0.807,HIGH,21
1625,2019-08-10,2019-08-12,2,0.0393,0.0081,0.794,HIGH,21
1625,2019-08-12,2019-08-20,8,0.0393,0.0081,0.794,HIGH,21
1625,2019-08-20,2019-08-24,4,0.0393,0.0056,0.858,HIGH,21
1625,2019-08-24,2019-08-25,1,0.0393,0.0045,0.885,HIGH,21
1625,2019-08-25,2019-08-29,4,0.0393,0.0039,0.901,HIGH,21
1625,2019-08-29,2019-09-01,3,0.0393,0.0046,0.883,MEDIUM (near season end),21
1631,2019-07-11,2019-07-15,4,0.01,0.004,0.6,MEDIUM (track ends after drop),6
1634,2019-07-15,2019-07-16,1,0.0412,0.0081,0.803,MEDIUM (track ends after drop),7
1636,2019-07-15,2019-07-16,1,0.0819,0.0021,0.974,HIGH,8
1636,2019-07-16,2019-07-20,4,0.0819,0.002,0.976,MEDIUM (track ends after drop),8
1662,2019-07-15,2019-07-16,1,0.0564,0.0135,0.761,MEDIUM (track ends after drop),7
1673,2019-07-15,2019-07-16,1,0.0429,0.0064,0.851,MEDIUM (partial recovery),8
1677,2019-07-15,2019-07-16,1,0.0425,0.0027,0.936,MEDIUM (track ends after drop),7
1694,2019-07-08,2019-07-10,2,0.0529,0.0194,0.633,MEDIUM (track ends after drop),3
1719,2019-08-20,2019-08-24,4,0.0367,0.0033,0.91,MEDIUM (partial recovery),18
1719,2019-08-24,2019-08-25,1,0.0367,0.0134,0.635,MEDIUM (track ends after drop),18
1720,2019-08-24,2019-08-25,1,0.0246,0.003,0.878,MEDIUM (track ends after drop),18
1724,2019-08-25,2019-08-29,4,0.2423,0.0122,0.95,HIGH,21
1724,2019-08-29,2019-09-01,3,0.2423,0.0201,0.917,HIGH,21
1724,2019-09-01,2019-09-09,8,0.2423,0.0143,0.941,MEDIUM (near season end),21
1726,2019-07-11,2019-07-15,4,0.2357,0.0029,0.988,MEDIUM (track ends after drop),5
1728,2019-08-25,2019-08-29,4,0.165,0.0166,0.899,MEDIUM (partial recovery),21
1728,2019-08-29,2019-09-01,3,0.165,0.0631,0.618,HIGH,21
1728,2019-09-01,2019-09-09,8,0.165,0.0221,0.866,MEDIUM (near season end),21
1730,2019-07-10,2019-07-11,1,0.0262,0.0055,0.79,MEDIUM (track ends after drop),4
1731,2019-09-01,2019-09-09,8,0.0362,0.0025,0.931,MEDIUM (near season end),21
1749,2019-07-23,2019-07-31,8,0.6621,0.2693,0.593,HIGH,11
1749,2019-07-31,2019-08-02,2,0.6621,0.0021,0.997,MEDIUM (track ends after drop),11
1762,2019-07-21,2019-07-23,2,0.059,0.0095,0.839,MEDIUM (track ends after drop),9
1766,2019-07-10,2019-07-11,1,0.0526,0.0204,0.612,MEDIUM (track ends after drop),4
1771,2019-07-11,2019-07-15,4,0.444,0.1541,0.653,MEDIUM (track ends after drop),5
1778,2019-07-11,2019-07-15,4,0.0193,0.0035,0.819,MEDIUM (track ends after drop),5
1783,2019-07-10,2019-07-11,1,0.213,0.0131,0.938,MEDIUM (partial recovery),7
1783,2019-07-11,2019-07-15,4,0.213,0.0441,0.793,MEDIUM (partial recovery),7
1783,2019-07-15,2019-07-16,1,0.213,0.0868,0.592,MEDIUM (partial recovery),7
1783,2019-07-16,2019-07-20,4,0.213,0.1009,0.526,MEDIUM (track ends after drop),7
1884,2019-08-25,2019-08-29,4,0.1069,0.0284,0.734,MEDIUM (track ends after drop),18
1923,2019-07-21,2019-07-23,2,0.0172,0.0074,0.57,MEDIUM (partial recovery),15
1923,2019-07-23,2019-07-31,8,0.0172,0.0071,0.587,MEDIUM (partial recovery),15
1923,2019-07-31,2019-08-02,2,0.0172,0.0083,0.517,MEDIUM (partial recovery),15
1923,2019-08-02,2019-08-04,2,0.0172,0.0077,0.552,HIGH,15
1923,2019-08-04,2019-08-09,5,0.0172,0.004,0.767,HIGH,15
1923,2019-08-09,2019-08-10,1,0.0172,0.005,0.709,HIGH,15
1923,2019-08-10,2019-08-12,2,0.0172,0.0033,0.808,HIGH,15
1923,2019-08-12,2019-08-20,8,0.0172,0.0024,0.86,MEDIUM (track ends after drop),15
2036,2019-07-16,2019-07-20,4,0.0205,0.0031,0.849,MEDIUM (track ends after drop),5
2058,2019-07-15,2019-07-16,1,0.0238,0.0021,0.912,MEDIUM (track ends after drop),4
2071,2019-07-16,2019-07-20,4,5.0825,0.0117,0.998,HIGH,8
2071,2019-07-20,2019-07-21,1,5.0825,0.1738,0.966,HIGH,8
2071,2019-07-21,2019-07-23,2,5.0825,0.09,0.982,HIGH,8
2071,2019-07-23,2019-07-31,8,5.0825,0.0474,0.991,MEDIUM (track ends after drop),8
2092,2019-08-12,2019-08-20,8,0.0321,0.0051,0.841,MEDIUM (track ends after drop),13
2094,2019-08-25,2019-08-29,4,0.0516,0.0022,0.957,MEDIUM (track ends after drop),16
2100,2019-08-10,2019-08-12,2,0.0328,0.0114,0.652,MEDIUM (track ends after drop),12
2102,2019-07-15,2019-07-16,1,0.0101,0.0033,0.673,MEDIUM (partial recovery),7
2102,2019-07-16,2019-07-20,4,0.0101,0.0046,0.545,HIGH,7
2102,2019-07-20,2019-07-21,1,0.0101,0.0029,0.713,HIGH,7
2102,2019-07-21,2019-07-23,2,0.0101,0.0024,0.762,HIGH,7
2102,2019-07-23,2019-07-31,8,0.0101,0.0027,0.733,MEDIUM (track ends after drop),7
2103,2019-07-21,2019-07-23,2,0.0112,0.0036,0.679,MEDIUM (partial recovery),7
2103,2019-07-23,2019-07-31,8,0.0112,0.0052,0.536,MEDIUM (track ends after drop),7
2104,2019-08-25,2019-08-29,4,0.0482,0.0039,0.919,MEDIUM (track ends after drop),16
2108,2019-07-31,2019-08-02,2,0.0452,0.0036,0.92,MEDIUM (track ends after drop),8
2110,2019-07-21,2019-07-23,2,0.0433,0.013,0.7,MEDIUM (track ends after drop),6
2117,2019-08-04,2019-08-09,5,0.0362,0.0174,0.519,MEDIUM (partial recovery),13
2117,2019-08-09,2019-08-10,1,0.0362,0.0168,0.536,MEDIUM (partial recovery),13
2117,2019-08-10,2019-08-12,2,0.0362,0.0144,0.602,MEDIUM (partial recovery),13
2117,2019-08-12,2019-08-20,8,0.0362,0.0132,0.635,MEDIUM (track ends after drop),13
2121,2019-07-15,2019-07-16,1,0.0328,0.0031,0.905,HIGH,4
2121,2019-07-16,2019-07-20,4,0.0328,0.0032,0.902,MEDIUM (track ends after drop),4
2144,2019-07-16,2019-07-20,4,0.0407,0.0174,0.572,MEDIUM (partial recovery),4
2152,2019-07-20,2019-07-21,1,0.011,0.0029,0.736,MEDIUM (track ends after drop),4
2155,2019-08-20,2019-08-24,4,0.0341,0.0028,0.918,MEDIUM (track ends after drop),13
2160,2019-08-25,2019-08-29,4,0.0466,0.0145,0.689,MEDIUM (track ends after drop),15
2162,2019-08-29,2019-09-01,3,0.2922,0.0056,0.981,MEDIUM (near season end),16
2167,2019-08-10,2019-08-12,2,0.0191,0.0082,0.571,MEDIUM (partial recovery),14
2167,2019-08-12,2019-08-20,8,0.0191,0.0085,0.555,MEDIUM (partial recovery),14
2167,2019-08-24,2019-08-25,1,0.0191,0.0088,0.539,MEDIUM (track ends after drop),14
2170,2019-07-15,2019-07-16,1,0.019,0.0049,0.742,MEDIUM (partial recovery),5
2170,2019-07-16,2019-07-20,4,0.019,0.0078,0.589,MEDIUM (partial recovery),5
2170,2019-07-20,2019-07-21,1,0.019,0.0059,0.689,HIGH,5
2170,2019-07-21,2019-07-23,2,0.019,0.0055,0.711,MEDIUM (track ends after drop),5
2175,2019-07-15,2019-07-16,1,0.0144,0.0044,0.694,MEDIUM (partial recovery),4
2180,2019-07-21,2019-07-23,2,0.0696,0.0022,0.968,MEDIUM (track ends after drop),5
2192,2019-08-24,2019-08-25,1,0.0532,0.0236,0.556,MEDIUM (partial recovery),15
2192,2019-08-25,2019-08-29,4,0.0532,0.0168,0.684,MEDIUM (track ends after drop),15
2194,2019-08-25,2019-08-29,4,0.1601,0.0787,0.508,MEDIUM (track ends after drop),15
2195,2019-08-25,2019-08-29,4,0.0801,0.0256,0.68,MEDIUM (track ends after drop),15
2196,2019-08-10,2019-08-12,2,0.0096,0.0034,0.646,HIGH,12
2196,2019-08-12,2019-08-20,8,0.0096,0.0028,0.708,MEDIUM (track ends after drop),12
2198,2019-07-23,2019-07-31,8,0.073,0.0357,0.511,MEDIUM (track ends after drop),6
2212,2019-07-20,2019-07-21,1,0.0057,0.0028,0.509,MEDIUM (track ends after drop),4
2213,2019-08-24,2019-08-25,1,0.0475,0.0043,0.909,HIGH,15
2213,2019-08-25,2019-08-29,4,0.0475,0.0055,0.884,MEDIUM (track ends after drop),15
2214,2019-07-15,2019-07-16,1,0.0193,0.0029,0.85,MEDIUM (peak = single reading),3
2214,2019-07-16,2019-07-20,4,0.0193,0.0027,0.86,MEDIUM (track ends after drop),3
2219,2019-08-25,2019-08-29,4,0.0116,0.004,0.655,MEDIUM (track ends after drop),15
2220,2019-08-25,2019-08-29,4,0.0077,0.002,0.74,MEDIUM (track ends after drop),15
2236,2019-07-15,2019-07-16,1,0.0398,0.0133,0.666,MEDIUM (partial recovery),7
2236,2019-07-16,2019-07-20,4,0.0398,0.0037,0.907,MEDIUM (partial recovery),7
2236,2019-07-20,2019-07-21,1,0.0398,0.0044,0.889,MEDIUM (partial recovery),7
2236,2019-07-21,2019-07-23,2,0.0398,0.0037,0.907,MEDIUM (partial recovery),7
2236,2019-07-23,2019-07-31,8,0.0398,0.0039,0.902,MEDIUM (partial recovery),7
2238,2019-07-15,2019-07-16,1,0.1095,0.0408,0.627,MEDIUM (partial recovery),5
2238,2019-07-16,2019-07-20,4,0.1095,0.0514,0.531,MEDIUM (partial recovery),5
2238,2019-07-20,2019-07-21,1,0.1095,0.053,0.516,MEDIUM (partial recovery),5
2238,2019-07-21,2019-07-23,2,0.1095,0.0436,0.602,MEDIUM (track ends after drop),5
2240,2019-08-24,2019-08-25,1,0.0253,0.0107,0.577,MEDIUM (track ends after drop),14
2243,2019-09-01,2019-09-09,8,0.0282,0.0052,0.816,MEDIUM (near season end),17
2245,2019-08-04,2019-08-09,5,0.0072,0.002,0.722,MEDIUM (partial recovery),10
2245,2019-08-09,2019-08-10,1,0.0072,0.0022,0.694,MEDIUM (track ends after drop),10
2248,2019-08-02,2019-08-04,2,0.0407,0.003,0.926,MEDIUM (track ends after drop),8
2260,2019-07-15,2019-07-16,1,0.0585,0.0237,0.595,MEDIUM (partial recovery),6
2260,2019-07-20,2019-07-21,1,0.0585,0.002,0.966,HIGH,6
2260,2019-07-21,2019-07-23,2,0.0585,0.0029,0.95,HIGH,6
2260,2019-07-23,2019-07-31,8,0.0585,0.0065,0.889,MEDIUM (track ends after drop),6
2263,2019-07-15,2019-07-16,1,0.0443,0.0069,0.844,MEDIUM (peak = single reading),3
2263,2019-07-16,2019-07-20,4,0.0443,0.01,0.774,MEDIUM (track ends after drop),3
2267,2019-08-25,2019-08-29,4,0.013,0.0031,0.762,MEDIUM (track ends after drop),15
2274,2019-08-02,2019-08-04,2,0.0533,0.0051,0.904,MEDIUM (track ends after drop),8
2275,2019-07-21,2019-07-23,2,0.1175,0.0186,0.842,MEDIUM (track ends after drop),5
2278,2019-07-16,2019-07-20,4,0.0062,0.0023,0.629,MEDIUM (partial recovery),4
2289,2019-08-29,2019-09-01,3,0.1572,0.064,0.593,MEDIUM (partial recovery),17
2289,2019-09-01,2019-09-09,8,0.1572,0.0734,0.533,MEDIUM (near season end),17
2298,2019-07-21,2019-07-23,2,0.0706,0.035,0.504,MEDIUM (partial recovery),6
2303,2019-07-15,2019-07-16,1,0.0049,0.002,0.592,MEDIUM (partial recovery),4
2303,2019-07-16,2019-07-20,4,0.0049,0.0023,0.531,MEDIUM (partial recovery),4
2305,2019-07-15,2019-07-16,1,0.0182,0.0064,0.648,MEDIUM (peak = single reading),3
2305,2019-07-16,2019-07-20,4,0.0182,0.005,0.725,MEDIUM (track ends after drop),3
2318,2019-07-20,2019-07-21,1,0.0048,0.0024,0.5,MEDIUM (track ends after drop),4
2320,2019-07-21,2019-07-23,2,0.0133,0.0041,0.692,MEDIUM (partial recovery),6
2323,2019-07-31,2019-08-02,2,0.0139,0.0031,0.777,HIGH,8
2323,2019-08-02,2019-08-04,2,0.0139,0.0039,0.719,MEDIUM (track ends after drop),8
2364,2019-07-15,2019-07-16,1,0.0265,0.0021,0.921,MEDIUM (peak = single reading),3
2373,2019-07-20,2019-07-21,1,0.0209,0.0083,0.603,MEDIUM (partial recovery),5
2430,2019-07-15,2019-07-16,1,0.011,0.0038,0.655,MEDIUM (partial recovery),3
2438,2019-07-15,2019-07-16,1,0.0151,0.0064,0.576,MEDIUM (partial recovery),3
2452,2019-07-31,2019-08-02,2,0.3035,0.0237,0.922,MEDIUM (track ends after drop),6
2454,2019-08-04,2019-08-09,5,0.1697,0.0186,0.89,MEDIUM (track ends after drop),8
2455,2019-07-21,2019-07-23,2,0.0746,0.0026,0.965,MEDIUM (track ends after drop),4
2456,2019-08-04,2019-08-09,5,0.0424,0.003,0.929,MEDIUM (track ends after drop),8
2467,2019-07-20,2019-07-21,1,0.0115,0.0026,0.774,MEDIUM (track ends after drop),3
2469,2019-07-23,2019-07-31,8,0.0551,0.0025,0.955,HIGH,6
2469,2019-07-31,2019-08-02,2,0.0551,0.002,0.964,MEDIUM (track ends after drop),6
2471,2019-07-20,2019-07-21,1,0.0092,0.0034,0.63,MEDIUM (track ends after drop),3
2479,2019-07-21,2019-07-23,2,0.0086,0.0034,0.605,MEDIUM (partial recovery),5
2479,2019-07-23,2019-07-31,8,0.0086,0.0039,0.547,MEDIUM (track ends after drop),5
2482,2019-07-21,2019-07-23,2,0.0086,0.004,0.535,HIGH,5
2482,2019-07-23,2019-07-31,8,0.0086,0.0021,0.756,MEDIUM (track ends after drop),5
2494,2019-07-21,2019-07-23,2,0.0148,0.0044,0.703,MEDIUM (track ends after drop),4
2504,2019-07-21,2019-07-23,2,0.3242,0.0423,0.87,MEDIUM (track ends after drop),4
2560,2019-08-25,2019-08-29,4,0.0429,0.0197,0.541,MEDIUM (track ends after drop),13
2562,2019-07-20,2019-07-21,1,0.0183,0.0024,0.869,MEDIUM (partial recovery),3
2562,2019-07-21,2019-07-23,2,0.0183,0.0075,0.59,MEDIUM (track ends after drop),3
2565,2019-07-21,2019-07-23,2,0.0087,0.0021,0.759,MEDIUM (track ends after drop),3
2566,2019-07-21,2019-07-23,2,0.0079,0.002,0.747,MEDIUM (track ends after drop),3
2580,2019-07-21,2019-07-23,2,0.0058,0.0022,0.621,MEDIUM (track ends after drop),3
2595,2019-08-25,2019-08-29,4,0.1238,0.005,0.96,HIGH,15
2595,2019-08-29,2019-09-01,3,0.1238,0.0082,0.934,HIGH,15
2595,2019-09-01,2019-09-09,8,0.1238,0.0049,0.96,MEDIUM (near season end),15
2597,2019-09-01,2019-09-09,8,1.7877,0.0116,0.994,MEDIUM (near season end),15
2600,2019-07-23,2019-07-31,8,4.8785,0.1179,0.976,MEDIUM (track ends after drop),4
2603,2019-07-21,2019-07-23,2,0.0272,0.0061,0.776,MEDIUM (track ends after drop),3
2608,2019-07-21,2019-07-23,2,0.0045,0.002,0.556,MEDIUM (track ends after drop),3
2679,2019-08-12,2019-08-20,8,0.1119,0.0023,0.979,MEDIUM (partial recovery),10
2679,2019-08-20,2019-08-24,4,0.1119,0.046,0.589,MEDIUM (track ends after drop),10
2687,2019-07-23,2019-07-31,8,0.0094,0.0034,0.638,MEDIUM (track ends after drop),3
2707,2019-08-10,2019-08-12,2,0.0082,0.003,0.634,MEDIUM (partial recovery),9
2719,2019-08-09,2019-08-10,1,0.0101,0.0044,0.564,MEDIUM (track ends after drop),7
2721,2019-08-10,2019-08-12,2,0.0055,0.002,0.636,MEDIUM (track ends after drop),8
2724,2019-08-25,2019-08-29,4,0.0801,0.0345,0.569,HIGH,13
2724,2019-08-29,2019-09-01,3,0.0801,0.0022,0.973,MEDIUM (near season end),13
2731,2019-08-24,2019-08-25,1,0.0679,0.0331,0.513,HIGH,12
2731,2019-08-25,2019-08-29,4,0.0679,0.0123,0.819,HIGH,12
2731,2019-08-29,2019-09-01,3,0.0679,0.0065,0.904,MEDIUM (near season end),12
2732,2019-08-09,2019-08-10,1,0.078,0.0147,0.812,MEDIUM (track ends after drop),6
2741,2019-08-25,2019-08-29,4,0.0257,0.0027,0.895,MEDIUM (partial recovery),13
2741,2019-08-29,2019-09-01,3,0.0257,0.0111,0.568,MEDIUM (partial recovery),13
2741,2019-09-01,2019-09-09,8,0.0257,0.0111,0.568,MEDIUM (near season end),13
2749,2019-08-25,2019-08-29,4,0.018,0.0032,0.822,MEDIUM (track ends after drop),11
2751,2019-08-10,2019-08-12,2,0.0398,0.0079,0.802,MEDIUM (track ends after drop),7
2758,2019-08-25,2019-08-29,4,0.0328,0.0149,0.546,HIGH,12
2758,2019-08-29,2019-09-01,3,0.0328,0.0031,0.905,MEDIUM (near season end),12
2771,2019-07-31,2019-08-02,2,0.0166,0.0025,0.849,MEDIUM (track ends after drop),3
2776,2019-08-20,2019-08-24,4,0.2085,0.0024,0.988,MEDIUM (track ends after drop),9
2795,2019-08-02,2019-08-04,2,0.1287,0.0249,0.807,HIGH,5
2795,2019-08-04,2019-08-09,5,0.1287,0.0022,0.983,MEDIUM (track ends after drop),5
2797,2019-08-02,2019-08-04,2,0.104,0.0031,0.97,HIGH,6
2797,2019-08-04,2019-08-09,5,0.104,0.0028,0.973,HIGH,6
2797,2019-08-09,2019-08-10,1,0.104,0.003,0.971,MEDIUM (track ends after drop),6
2799,2019-08-25,2019-08-29,4,0.0412,0.0098,0.762,MEDIUM (partial recovery),13
2799,2019-08-29,2019-09-01,3,0.0412,0.0151,0.633,HIGH,13
2799,2019-09-01,2019-09-09,8,0.0412,0.0123,0.701,MEDIUM (near season end),13
2801,2019-08-24,2019-08-25,1,0.0949,0.0037,0.961,MEDIUM (track ends after drop),10
2807,2019-08-25,2019-08-29,4,0.1663,0.0021,0.987,MEDIUM (track ends after drop),11
2814,2019-08-24,2019-08-25,1,0.0198,0.0041,0.793,MEDIUM (track ends after drop),10
2815,2019-08-02,2019-08-04,2,0.0151,0.0074,0.51,MEDIUM (partial recovery),8
2815,2019-08-04,2019-08-09,5,0.0151,0.0069,0.543,MEDIUM (partial recovery),8
2815,2019-08-09,2019-08-10,1,0.0151,0.0073,0.517,MEDIUM (partial recovery),8
2815,2019-08-10,2019-08-12,2,0.0151,0.0072,0.523,HIGH,8
2815,2019-08-12,2019-08-20,8,0.0151,0.0024,0.841,MEDIUM (track ends after drop),8
2817,2019-08-25,2019-08-29,4,0.1095,0.0344,0.686,HIGH,12
2817,2019-08-29,2019-09-01,3,0.1095,0.022,0.799,MEDIUM (near season end),12
2818,2019-08-12,2019-08-20,8,0.0111,0.0053,0.523,MEDIUM (partial recovery),10
2818,2019-08-24,2019-08-25,1,0.0111,0.0049,0.559,MEDIUM (track ends after drop),10
2822,2019-08-20,2019-08-24,4,0.171,0.0037,0.978,MEDIUM (track ends after drop),9
2829,2019-07-31,2019-08-02,2,0.0115,0.002,0.826,MEDIUM (partial recovery),4
2835,2019-08-25,2019-08-29,4,0.0359,0.0115,0.68,MEDIUM (partial recovery),13
2835,2019-08-29,2019-09-01,3,0.0359,0.0044,0.877,MEDIUM (partial recovery),13
2835,2019-09-01,2019-09-09,8,0.0359,0.0178,0.504,MEDIUM (near season end),13
2837,2019-09-01,2019-09-09,8,0.0176,0.0045,0.744,MEDIUM (near season end),13
2846,2019-08-25,2019-08-29,4,0.0204,0.0037,0.819,MEDIUM (track ends after drop),11
2851,2019-08-12,2019-08-20,8,0.0147,0.0024,0.837,MEDIUM (track ends after drop),8
2852,2019-08-20,2019-08-24,4,0.0891,0.0105,0.882,HIGH,10
2852,2019-08-24,2019-08-25,1,0.0891,0.0025,0.972,MEDIUM (track ends after drop),10
2853,2019-08-02,2019-08-04,2,0.0204,0.0027,0.868,MEDIUM (track ends after drop),4
2858,2019-08-25,2019-08-29,4,0.0099,0.002,0.798,MEDIUM (partial recovery),12
2858,2019-08-29,2019-09-01,3,0.0099,0.0035,0.646,MEDIUM (near season end),12
2871,2019-07-31,2019-08-02,2,0.0339,0.0099,0.708,MEDIUM (track ends after drop),3
2898,2019-08-10,2019-08-12,2,0.0092,0.0023,0.75,MEDIUM (track ends after drop),6
2945,2019-08-10,2019-08-12,2,0.0129,0.0029,0.775,MEDIUM (track ends after drop),6
2969,2019-08-25,2019-08-29,4,0.0725,0.0292,0.597,MEDIUM (track ends after drop),10
2993,2019-07-31,2019-08-02,2,0.0319,0.002,0.937,MEDIUM (peak = single reading),3
2998,2019-08-25,2019-08-29,4,0.0702,0.0253,0.64,MEDIUM (track ends after drop),10
3012,2019-07-31,2019-08-02,2,0.0081,0.0036,0.556,MEDIUM (partial recovery),6
3012,2019-08-02,2019-08-04,2,0.0081,0.0039,0.519,MEDIUM (partial recovery),6
3012,2019-08-04,2019-08-09,5,0.0081,0.0024,0.704,MEDIUM (partial recovery),6
3012,2019-08-09,2019-08-10,1,0.0081,0.0032,0.605,MEDIUM (partial recovery),6
3012,2019-08-10,2019-08-12,2,0.0081,0.0027,0.667,MEDIUM (track ends after drop),6
3014,2019-08-12,2019-08-20,8,0.0064,0.0026,0.594,MEDIUM (track ends after drop),7
3062,2019-08-29,2019-09-01,3,5.0489,0.0024,1.0,MEDIUM (near season end),11
3080,2019-08-02,2019-08-04,2,0.0165,0.0042,0.745,MEDIUM (track ends after drop),3
3111,2019-08-25,2019-08-29,4,0.0292,0.0062,0.788,HIGH,11
3111,2019-08-29,2019-09-01,3,0.0292,0.0086,0.705,MEDIUM (near season end),11
3161,2019-08-24,2019-08-25,1,0.0162,0.0034,0.79,MEDIUM (track ends after drop),8
3174,2019-08-25,2019-08-29,4,0.0542,0.0254,0.531,MEDIUM (track ends after drop),9
3175,2019-08-20,2019-08-24,4,0.01,0.0042,0.58,MEDIUM (track ends after drop),7
3180,2019-08-25,2019-08-29,4,0.0193,0.004,0.793,MEDIUM (track ends after drop),9
3196,2019-08-12,2019-08-20,8,0.0413,0.0133,0.678,MEDIUM (track ends after drop),6
3214,2019-08-04,2019-08-09,5,0.2171,0.0982,0.548,MEDIUM (track ends after drop),3
3221,2019-08-04,2019-08-09,5,0.0081,0.0034,0.58,MEDIUM (partial recovery),5
3221,2019-08-09,2019-08-10,1,0.0081,0.0031,0.617,MEDIUM (partial recovery),5
3221,2019-08-10,2019-08-12,2,0.0081,0.0034,0.58,MEDIUM (track ends after drop),5
3222,2019-08-04,2019-08-09,5,0.0151,0.0022,0.854,MEDIUM (partial recovery),5
3222,2019-08-09,2019-08-10,1,0.0151,0.0056,0.629,HIGH,5
3222,2019-08-10,2019-08-12,2,0.0151,0.0032,0.788,MEDIUM (track ends after drop),5
3233,2019-08-10,2019-08-12,2,0.0066,0.002,0.697,MEDIUM (partial recovery),6
3236,2019-08-10,2019-08-12,2,0.6516,0.2526,0.612,MEDIUM (track ends after drop),5
3244,2019-08-04,2019-08-09,5,0.0207,0.0045,0.783,MEDIUM (partial recovery),8
3244,2019-08-09,2019-08-10,1,0.0207,0.0093,0.551,MEDIUM (partial recovery),8
3244,2019-08-10,2019-08-12,2,0.0207,0.0039,0.812,MEDIUM (partial recovery),8
3244,2019-08-12,2019-08-20,8,0.0207,0.0101,0.512,MEDIUM (partial recovery),8
3244,2019-08-20,2019-08-24,4,0.0207,0.0088,0.575,HIGH,8
3244,2019-08-24,2019-08-25,1,0.0207,0.0025,0.879,MEDIUM (track ends after drop),8
3245,2019-08-29,2019-09-01,3,0.051,0.013,0.745,MEDIUM (near season end),10
3248,2019-08-12,2019-08-20,8,0.0331,0.0098,0.704,MEDIUM (partial recovery),11
3248,2019-08-20,2019-08-24,4,0.0331,0.0106,0.68,HIGH,11
3248,2019-08-24,2019-08-25,1,0.0331,0.0024,0.927,HIGH,11
3248,2019-08-25,2019-08-29,4,0.0331,0.0031,0.906,HIGH,11
3248,2019-08-29,2019-09-01,3,0.0331,0.0023,0.931,HIGH,11
3248,2019-09-01,2019-09-09,8,0.0331,0.0073,0.779,MEDIUM (near season end),11
3249,2019-08-04,2019-08-09,5,0.0212,0.0057,0.731,MEDIUM (partial recovery),8
3249,2019-08-09,2019-08-10,1,0.0212,0.0066,0.689,HIGH,8
3249,2019-08-10,2019-08-12,2,0.0212,0.0059,0.722,HIGH,8
3249,2019-08-12,2019-08-20,8,0.0212,0.0061,0.712,HIGH,8
3249,2019-08-20,2019-08-24,4,0.0212,0.0058,0.726,HIGH,8
3249,2019-08-24,2019-08-25,1,0.0212,0.0021,0.901,MEDIUM (track ends after drop),8
3253,2019-08-12,2019-08-20,8,0.0081,0.0027,0.667,MEDIUM (track ends after drop),6
3254,2019-08-02,2019-08-04,2,0.0189,0.0093,0.508,MEDIUM (partial recovery),8
3254,2019-08-04,2019-08-09,5,0.0189,0.006,0.683,MEDIUM (partial recovery),8
3254,2019-08-09,2019-08-10,1,0.0189,0.0071,0.624,MEDIUM (partial recovery),8
3254,2019-08-10,2019-08-12,2,0.0189,0.0037,0.804,MEDIUM (partial recovery),8
3254,2019-08-12,2019-08-20,8,0.0189,0.0087,0.54,MEDIUM (partial recovery),8
3254,2019-08-20,2019-08-24,4,0.0189,0.0073,0.614,HIGH,8
3254,2019-08-24,2019-08-25,1,0.0189,0.0028,0.852,MEDIUM (track ends after drop),8
3255,2019-08-04,2019-08-09,5,0.0791,0.0084,0.894,MEDIUM (track ends after drop),3
3265,2019-08-04,2019-08-09,5,0.0071,0.002,0.718,MEDIUM (partial recovery),4
3268,2019-08-20,2019-08-24,4,0.0255,0.005,0.804,MEDIUM (partial recovery),9
3268,2019-08-24,2019-08-25,1,0.0255,0.0045,0.824,MEDIUM (partial recovery),9
3268,2019-08-25,2019-08-29,4,0.0255,0.0101,0.604,MEDIUM (track ends after drop),9
3276,2019-08-04,2019-08-09,5,0.3597,0.1524,0.576,MEDIUM (partial recovery),5
3276,2019-08-09,2019-08-10,1,0.3597,0.1535,0.573,MEDIUM (partial recovery),5
3276,2019-08-10,2019-08-12,2,0.3597,0.1516,0.579,MEDIUM (track ends after drop),5
3279,2019-08-02,2019-08-04,2,0.0119,0.0035,0.706,MEDIUM (partial recovery),3
3295,2019-08-12,2019-08-20,8,0.008,0.004,0.5,MEDIUM (track ends after drop),6
3298,2019-08-12,2019-08-20,8,0.0175,0.0041,0.766,MEDIUM (partial recovery),10
3298,2019-08-20,2019-08-24,4,0.0175,0.0037,0.789,MEDIUM (partial recovery),10
3298,2019-08-24,2019-08-25,1,0.0175,0.0023,0.869,MEDIUM (partial recovery),10
3298,2019-08-25,2019-08-29,4,0.0175,0.0021,0.88,MEDIUM (partial recovery),10
3298,2019-08-29,2019-09-01,3,0.0175,0.0057,0.674,MEDIUM (near season end),10
3304,2019-08-25,2019-08-29,4,0.1187,0.0534,0.55,MEDIUM (partial recovery),11
3304,2019-08-29,2019-09-01,3,0.1187,0.0366,0.692,MEDIUM (partial recovery),11
3306,2019-08-24,2019-08-25,1,0.0399,0.0032,0.92,HIGH,9
3306,2019-08-25,2019-08-29,4,0.0399,0.006,0.85,MEDIUM (track ends after drop),9
3307,2019-08-25,2019-08-29,4,0.0516,0.0195,0.622,HIGH,11
3307,2019-08-29,2019-09-01,3,0.0516,0.0027,0.948,HIGH,11
3307,2019-09-01,2019-09-09,8,0.0516,0.0032,0.938,MEDIUM (near season end),11
3316,2019-08-25,2019-08-29,4,0.0296,0.013,0.561,MEDIUM (partial recovery),11
3316,2019-08-29,2019-09-01,3,0.0296,0.0101,0.659,MEDIUM (partial recovery),11
3316,2019-09-01,2019-09-09,8,0.0296,0.0133,0.551,MEDIUM (near season end),11
3318,2019-08-25,2019-08-29,4,0.0515,0.022,0.573,MEDIUM (partial recovery),11
3318,2019-08-29,2019-09-01,3,0.0515,0.0139,0.73,MEDIUM (partial recovery),11
3318,2019-09-01,2019-09-09,8,0.0515,0.0244,0.526,MEDIUM (near season end),11
3319,2019-08-20,2019-08-24,4,0.0082,0.0034,0.585,MEDIUM (track ends after drop),7
3324,2019-08-25,2019-08-29,4,0.0424,0.0202,0.524,MEDIUM (track ends after drop),9
3337,2019-08-04,2019-08-09,5,0.1313,0.036,0.726,MEDIUM (partial recovery),4
3337,2019-08-09,2019-08-10,1,0.1313,0.0634,0.517,HIGH,4
3337,2019-08-10,2019-08-12,2,0.1313,0.0075,0.943,MEDIUM (track ends after drop),4
3346,2019-08-25,2019-08-29,4,0.0502,0.005,0.9,MEDIUM (track ends after drop),8
3347,2019-09-01,2019-09-09,8,0.0393,0.0117,0.702,MEDIUM (near season end),10
3390,2019-08-25,2019-08-29,4,0.0135,0.002,0.852,MEDIUM (track ends after drop),8
3397,2019-08-24,2019-08-25,1,0.0102,0.0024,0.765,MEDIUM (track ends after drop),7
3399,2019-08-12,2019-08-20,8,0.0249,0.0097,0.61,HIGH,6
3399,2019-08-20,2019-08-24,4,0.0249,0.0035,0.859,MEDIUM (track ends after drop),6
3400,2019-08-10,2019-08-12,2,0.0064,0.0028,0.562,MEDIUM (partial recovery),7
3400,2019-08-12,2019-08-20,8,0.0064,0.0031,0.516,MEDIUM (partial recovery),7
3400,2019-08-20,2019-08-24,4,0.0064,0.0023,0.641,MEDIUM (partial recovery),7
3400,2019-08-24,2019-08-25,1,0.0064,0.0022,0.656,MEDIUM (track ends after drop),7
3401,2019-08-10,2019-08-12,2,0.0072,0.0034,0.528,MEDIUM (track ends after drop),4
3402,2019-08-09,2019-08-10,1,0.0108,0.0031,0.713,MEDIUM (track ends after drop),3
3406,2019-08-20,2019-08-24,4,0.0186,0.0032,0.828,MEDIUM (partial recovery),7
3406,2019-08-24,2019-08-25,1,0.0186,0.0064,0.656,MEDIUM (track ends after drop),7
3411,2019-08-25,2019-08-29,4,0.0511,0.0055,0.892,MEDIUM (partial recovery),9
3418,2019-08-24,2019-08-25,1,0.0206,0.0087,0.578,MEDIUM (track ends after drop),7
3423,2019-08-10,2019-08-12,2,0.035,0.0061,0.826,HIGH,4
3423,2019-08-12,2019-08-20,8,0.035,0.004,0.886,MEDIUM (track ends after drop),4
3424,2019-08-24,2019-08-25,1,0.0073,0.0031,0.575,MEDIUM (partial recovery),7
3426,2019-08-10,2019-08-12,2,0.0108,0.0039,0.639,MEDIUM (track ends after drop),3
3429,2019-08-25,2019-08-29,4,0.0235,0.0116,0.506,MEDIUM (track ends after drop),7
3440,2019-08-10,2019-08-12,2,0.0603,0.0064,0.894,MEDIUM (track ends after drop),3
3453,2019-08-12,2019-08-20,8,0.0296,0.0128,0.568,HIGH,5
3453,2019-08-20,2019-08-24,4,0.0296,0.0065,0.78,MEDIUM (track ends after drop),5
3455,2019-08-12,2019-08-20,8,0.0185,0.0057,0.692,MEDIUM (partial recovery),5
3455,2019-08-20,2019-08-24,4,0.0185,0.0064,0.654,MEDIUM (track ends after drop),5
3457,2019-08-25,2019-08-29,4,0.0141,0.0023,0.837,MEDIUM (partial recovery),9
3457,2019-09-01,2019-09-09,8,0.0141,0.0043,0.695,MEDIUM (near season end),9
3460,2019-08-10,2019-08-12,2,0.0283,0.0058,0.795,HIGH,4
3460,2019-08-12,2019-08-20,8,0.0283,0.0021,0.926,MEDIUM (track ends after drop),4
3462,2019-08-10,2019-08-12,2,0.015,0.0073,0.513,HIGH,5
3462,2019-08-12,2019-08-20,8,0.015,0.0033,0.78,HIGH,5
3462,2019-08-20,2019-08-24,4,0.015,0.0024,0.84,MEDIUM (track ends after drop),5
3467,2019-08-12,2019-08-20,8,0.0318,0.0136,0.572,MEDIUM (partial recovery),7
3467,2019-08-20,2019-08-24,4,0.0318,0.015,0.528,HIGH,7
3467,2019-08-24,2019-08-25,1,0.0318,0.0085,0.733,HIGH,7
3467,2019-08-25,2019-08-29,4,0.0318,0.002,0.937,MEDIUM (track ends after drop),7
3471,2019-08-10,2019-08-12,2,0.0735,0.0024,0.967,MEDIUM (track ends after drop),3
3474,2019-08-25,2019-08-29,4,0.0179,0.0021,0.883,MEDIUM (partial recovery),9
3474,2019-09-01,2019-09-09,8,0.0179,0.0048,0.732,MEDIUM (near season end),9
3481,2019-08-10,2019-08-12,2,0.0074,0.0037,0.5,MEDIUM (track ends after drop),3
3486,2019-08-12,2019-08-20,8,0.0155,0.004,0.742,HIGH,5
3486,2019-08-20,2019-08-24,4,0.0155,0.0034,0.781,MEDIUM (track ends after drop),5
3488,2019-09-01,2019-09-09,8,0.0567,0.0213,0.624,MEDIUM (near season end),9
3491,2019-08-10,2019-08-12,2,0.0405,0.0054,0.867,MEDIUM (partial recovery),6
3491,2019-08-20,2019-08-24,4,0.0405,0.0099,0.756,HIGH,6
3491,2019-08-24,2019-08-25,1,0.0405,0.0099,0.756,MEDIUM (track ends after drop),6
3497,2019-08-10,2019-08-12,2,0.0146,0.0069,0.527,MEDIUM (partial recovery),4
3497,2019-08-12,2019-08-20,8,0.0146,0.0063,0.568,MEDIUM (track ends after drop),4
3503,2019-08-10,2019-08-12,2,0.0124,0.0044,0.645,MEDIUM (track ends after drop),3
3510,2019-08-25,2019-08-29,4,0.0576,0.0023,0.96,MEDIUM (track ends after drop),7
3520,2019-08-24,2019-08-25,1,0.4066,0.005,0.988,MEDIUM (track ends after drop),6
3526,2019-08-10,2019-08-12,2,0.0073,0.0033,0.548,MEDIUM (track ends after drop),3
3528,2019-08-24,2019-08-25,1,0.0044,0.0021,0.523,MEDIUM (track ends after drop),6
3531,2019-08-20,2019-08-24,4,0.033,0.0108,0.673,HIGH,6
3531,2019-08-24,2019-08-25,1,0.033,0.0024,0.927,MEDIUM (track ends after drop),6
3532,2019-08-12,2019-08-20,8,0.0324,0.0078,0.759,HIGH,5
3532,2019-08-20,2019-08-24,4,0.0324,0.0053,0.836,MEDIUM (track ends after drop),5
3536,2019-08-20,2019-08-24,4,0.0264,0.0099,0.625,MEDIUM (partial recovery),6
3536,2019-08-24,2019-08-25,1,0.0264,0.0083,0.686,MEDIUM (track ends after drop),6
3540,2019-08-20,2019-08-24,4,0.0282,0.0047,0.833,HIGH,7
3540,2019-08-24,2019-08-25,1,0.0282,0.0043,0.848,HIGH,7
3540,2019-08-25,2019-08-29,4,0.0282,0.0058,0.794,MEDIUM (track ends after drop),7
3544,2019-08-10,2019-08-12,2,0.0048,0.0022,0.542,MEDIUM (track ends after drop),3
3551,2019-08-20,2019-08-24,4,0.0388,0.0155,0.601,HIGH,9
3551,2019-08-24,2019-08-25,1,0.0388,0.0028,0.928,HIGH,9
3551,2019-08-25,2019-08-29,4,0.0388,0.0041,0.894,HIGH,9
3551,2019-08-29,2019-09-01,3,0.0388,0.0038,0.902,HIGH,9
3551,2019-09-01,2019-09-09,8,0.0388,0.0045,0.884,MEDIUM (near season end),9
3553,2019-08-10,2019-08-12,2,0.0122,0.0051,0.582,MEDIUM (track ends after drop),3
3556,2019-08-10,2019-08-12,2,0.0043,0.002,0.535,MEDIUM (track ends after drop),3
3577,2019-08-25,2019-08-29,4,0.0711,0.0227,0.681,MEDIUM (track ends after drop),6
3579,2019-08-20,2019-08-24,4,0.0101,0.005,0.505,MEDIUM (track ends after drop),4
3618,2019-08-25,2019-08-29,4,0.0668,0.022,0.671,MEDIUM (track ends after drop),5
3629,2019-08-24,2019-08-25,1,0.0116,0.0046,0.603,MEDIUM (partial recovery),7
3629,2019-08-25,2019-08-29,4,0.0116,0.0048,0.586,MEDIUM (partial recovery),7
3629,2019-09-01,2019-09-09,8,0.0116,0.0032,0.724,MEDIUM (near season end),7
3634,2019-08-25,2019-08-29,4,0.1442,0.0129,0.911,HIGH,6
3634,2019-08-29,2019-09-01,3,0.1442,0.0197,0.863,MEDIUM (near season end),6
3648,2019-08-24,2019-08-25,1,0.0123,0.0045,0.634,MEDIUM (track ends after drop),3
3663,2019-08-24,2019-08-25,1,0.0279,0.0034,0.878,MEDIUM (track ends after drop),3
3671,2019-08-24,2019-08-25,1,0.0269,0.0035,0.87,MEDIUM (track ends after drop),3
3677,2019-08-24,2019-08-25,1,0.007,0.0029,0.586,MEDIUM (partial recovery),5
3677,2019-08-25,2019-08-29,4,0.007,0.002,0.714,MEDIUM (partial recovery),5
3677,2019-08-29,2019-09-01,3,0.007,0.0035,0.5,MEDIUM (near season end),5
3697,2019-08-25,2019-08-29,4,0.0137,0.0058,0.577,MEDIUM (track ends after drop),4
3703,2019-08-24,2019-08-25,1,0.035,0.0024,0.931,MEDIUM (track ends after drop),3
3705,2019-09-01,2019-09-09,8,0.2765,0.0032,0.988,MEDIUM (near season end),6
3755,2019-08-25,2019-08-29,4,0.0082,0.0021,0.744,MEDIUM (track ends after drop),3
3805,2019-08-24,2019-08-25,1,0.0368,0.0159,0.568,MEDIUM (peak = single reading),3
3805,2019-08-25,2019-08-29,4,0.0368,0.0038,0.897,MEDIUM (track ends after drop),3
3831,2019-08-29,2019-09-01,3,0.0254,0.0097,0.618,MEDIUM (partial recovery),5
3831,2019-09-01,2019-09-09,8,0.0254,0.0097,0.618,MEDIUM (near season end),5
3841,2019-09-01,2019-09-09,8,0.0354,0.0128,0.638,MEDIUM (near season end),5
3852,2019-08-29,2019-09-01,3,0.0995,0.0449,0.549,MEDIUM (partial recovery),5
3852,2019-09-01,2019-09-09,8,0.0995,0.0382,0.616,MEDIUM (near season end),5
3854,2019-08-25,2019-08-29,4,0.0208,0.0031,0.851,HIGH,4
3854,2019-08-29,2019-09-01,3,0.0208,0.0038,0.817,MEDIUM (near season end),4
3859,2019-08-29,2019-09-01,3,0.0959,0.0457,0.523,MEDIUM (partial recovery),5
3859,2019-09-01,2019-09-09,8,0.0959,0.0412,0.57,MEDIUM (near season end),5
3865,2019-08-25,2019-08-29,4,0.0451,0.0034,0.925,MEDIUM (track ends after drop),3
4016,2019-09-01,2019-09-09,8,0.0222,0.0109,0.509,MEDIUM (near season end),3
4018,2019-09-01,2019-09-09,8,0.011,0.0048,0.564,MEDIUM (near season end),3
